stock_id,name,sector,risk_profile
AADI,Adaro Andalan Indonesia Tbk.,Energy,Tinggi
AALI,Astra Agro Lestari Tbk.,Consumer Non-Cyclicals,Sedang
ABBA,Mahaka Media Tbk.,Consumer Cyclicals,Tinggi
ABDA,Asuransi Bina Dana Arta Tbk.,Financials,Sedang
ABMM,ABM Investama Tbk.,Energy,Sedang
ACES,Aspirasi Hidup Indonesia Tbk.,Consumer Cyclicals,Sedang
ACRO,Samcro Hyosung Adilestari Tbk.,Consumer Cyclicals,Tinggi
ACST,Acset Indonusa Tbk.,Infrastructures,Tinggi
ADCP,Adhi Commuter Properti Tbk.,Properties and Real Estate,Sedang
ADES,Akasha Wira International Tbk.,Consumer Non-Cyclicals,Sedang
ADHI,Adhi Karya (Persero) Tbk.,Infrastructures,Sedang
ADMF,Adira Dinamika Multi Finance T,Financials,Rendah
ADMG,Polychem Indonesia Tbk,Basic Materials,Sedang
ADMR,Adaro Minerals Indonesia Tbk.,Energy,Sedang
ADRO,Alamtri Resources Indonesia Tb,Energy,Sedang
AEGS,Anugerah Spareparts Sejahtera ,Consumer Cyclicals,Tinggi
AGAR,Asia Sejahtera Mina Tbk.,Consumer Non-Cyclicals,Tinggi
AGII,Samator Indo Gas Tbk.,Basic Materials,Sedang
AGRO,Bank Raya Indonesia Tbk.,Financials,Sedang
AGRS,Bank IBK Indonesia Tbk.,Financials,Tinggi
AHAP,Asuransi Harta Aman Pratama Tb,Financials,Tinggi
AIMS,Artha Mahiya Investama Tbk.,Energy,Tinggi
AISA,FKS Food Sejahtera Tbk.,Consumer Non-Cyclicals,Sedang
AKKU,Anugerah Kagum Karya Utama Tbk,Consumer Cyclicals,Sedang
AKPI,Argha Karya Prima Industry Tbk,Basic Materials,Sedang
AKRA,AKR Corporindo Tbk.,Energy,Sedang
AKSI,Mineral Sumberdaya Mandiri Tbk,Transportation and Logistic,Tinggi
ALDO,Alkindo Naratama Tbk.,Basic Materials,Sedang
ALII,Ancara Logistics Indonesia Tbk,Energy,Tinggi
ALKA,Alakasa Industrindo Tbk,Basic Materials,Tinggi
ALMI,Alumindo Light Metal Industry ,Basic Materials,Tinggi
ALTO,Tri Banyan Tirta Tbk.,Consumer Non-Cyclicals,Sedang
AMAG,Asuransi Multi Artha Guna Tbk.,Financials,Sedang
AMAN,Makmur Berkah Amanda Tbk.,Properties and Real Estate,Sedang
AMAR,Bank Amar Indonesia Tbk.,Financials,Tinggi
AMFG,Asahimas Flat Glass Tbk.,Industrials,Sedang
AMIN,Ateliers Mecaniques D Indonesi,Industrials,Tinggi
AMMN,Amman Mineral Internasional Tb,Basic Materials,Sedang
AMMS,Agung Menjangan Mas Tbk.,Consumer Non-Cyclicals,Tinggi
AMOR,Ashmore Asset Management Indon,Financials,Sedang
AMRT,Sumber Alfaria Trijaya Tbk.,Consumer Non-Cyclicals,Sedang
ANDI,Andira Agro Tbk.,Consumer Non-Cyclicals,Tinggi
ANJT,Austindo Nusantara Jaya Tbk.,Consumer Non-Cyclicals,Sedang
ANTM,Aneka Tambang Tbk.,Basic Materials,Sedang
APEX,Apexindo Pratama Duta Tbk.,Energy,Tinggi
APIC,Pacific Strategic Financial Tb,Financials,Rendah
APII,Arita Prima Indonesia Tbk.,Industrials,Sedang
APLI,Asiaplast Industries Tbk.,Basic Materials,Sedang
APLN,Agung Podomoro Land Tbk.,Properties and Real Estate,Sedang
ARCI,Archi Indonesia Tbk.,Basic Materials,Sedang
AREA,Dunia Virtual Online Tbk.,Technology,Tinggi
ARGO,Argo Pantes Tbk,Consumer Cyclicals,Sedang
ARII,Atlas Resources Tbk.,Energy,Tinggi
ARKA,Arkha Jayanti Persada Tbk.,Industrials,Sedang
ARKO,Arkora Hydro Tbk.,Infrastructures,Sedang
ARMY,Armidian Karyatama Tbk.,Properties and Real Estate,Sedang
ARNA,Arwana Citramulia Tbk.,Industrials,Rendah
ARTA,Arthavest Tbk,Consumer Cyclicals,Tinggi
ARTI,Ratu Prabu Energi Tbk,Energy,Sedang
ARTO,Bank Jago Tbk.,Financials,Tinggi
ASBI,Asuransi Bintang Tbk.,Financials,Sedang
ASDM,Asuransi Dayin Mitra Tbk.,Financials,Rendah
ASGR,Astra Graphia Tbk.,Industrials,Rendah
ASHA,Cilacap Samudera Fishing Indus,Consumer Non-Cyclicals,Tinggi
ASII,Astra International Tbk.,Industrials,Sedang
ASJT,Asuransi Jasa Tania Tbk.,Financials,Sedang
ASLC,Autopedia Sukses Lestari Tbk.,Consumer Cyclicals,Sedang
ASLI,Asri Karya Lestari Tbk.,Infrastructures,Sedang
ASMI,Asuransi Maximus Graha Persada,Financials,Tinggi
ASPI,Andalan Sakti Primaindo Tbk.,Properties and Real Estate,Sedang
ASRI,Alam Sutera Realty Tbk.,Properties and Real Estate,Sedang
ASRM,Asuransi Ramayana Tbk.,Financials,Sedang
ASSA,Adi Sarana Armada Tbk.,Transportation and Logistic,Sedang
ATAP,Trimitra Prawara Goldland Tbk.,Properties and Real Estate,Tinggi
ATIC,Anabatic Technologies Tbk.,Technology,Tinggi
ATLA,Atlantis Subsea Indonesia Tbk.,Energy,Tinggi
AUTO,Astra Otoparts Tbk.,Consumer Cyclicals,Sedang
AVIA,Avia Avian Tbk.,Basic Materials,Sedang
AWAN,Era Digital Media Tbk.,Technology,Tinggi
AXIO,Tera Data Indonusa Tbk.,Technology,Sedang
AYAM,Janu Putra Sejahtera Tbk.,Consumer Non-Cyclicals,Sedang
AYLS,Agro Yasa Lestari Tbk.,Basic Materials,Tinggi
BABP,Bank MNC Internasional Tbk.,Financials,Sedang
BABY,Multitrend Indo Tbk.,Consumer Cyclicals,Tinggi
BACA,Bank Capital Indonesia Tbk.,Financials,Sedang
BAIK,Bersama Mencapai Puncak Tbk.,Consumer Cyclicals,Tinggi
BAJA,Saranacentral Bajatama Tbk.,Basic Materials,Tinggi
BALI,Bali Towerindo Sentra Tbk.,Infrastructures,Sedang
BANK,Bank Aladin Syariah Tbk.,Financials,Sedang
BAPA,Bekasi Asri Pemula Tbk.,Properties and Real Estate,Tinggi
BAPI,Bhakti Agung Propertindo Tbk.,Properties and Real Estate,Sedang
BATA,Sepatu Bata Tbk.,Consumer Cyclicals,Sedang
BATR,Benteng Api Technic Tbk.,Basic Materials,Tinggi
BAUT,Mitra Angkasa Sejahtera Tbk.,Consumer Cyclicals,Sedang
BAYU,Bayu Buana Tbk,Consumer Cyclicals,Sedang
BBCA,Bank Central Asia Tbk.,Financials,Rendah
BBHI,Allo Bank Indonesia Tbk.,Financials,Tinggi
BBKP,Bank KB Bukopin Tbk.,Financials,Sedang
BBLD,Buana Finance Tbk.,Financials,Sedang
BBMD,Bank Mestika Dharma Tbk.,Financials,Sedang
BBNI,Bank Negara Indonesia (Persero,Financials,Sedang
BBRI,Bank Rakyat Indonesia (Persero,Financials,Sedang
BBRM,Pelayaran Nasional Bina Buana ,Energy,Tinggi
BBSI,Krom Bank Indonesia Tbk.,Financials,Sedang
BBSS,Bumi Benowo Sukses Sejahtera T,Properties and Real Estate,Tinggi
BBTN,Bank Tabungan Negara (Persero),Financials,Sedang
BBYB,Bank Neo Commerce Tbk.,Financials,Tinggi
BCAP,MNC Kapital Indonesia Tbk.,Financials,Tinggi
BCIC,Bank JTrust Indonesia Tbk.,Financials,Sedang
BCIP,Bumi Citra Permai Tbk.,Properties and Real Estate,Sedang
BDKR,Berdikari Pondasi Perkasa Tbk.,Infrastructures,Tinggi
BDMN,Bank Danamon Indonesia Tbk.,Financials,Sedang
BEBS,Berkah Beton Sadaya Tbk.,Basic Materials,Tinggi
BEEF,Estika Tata Tiara Tbk.,Consumer Non-Cyclicals,Sedang
BEER,Jobubu Jarum Minahasa Tbk.,Consumer Non-Cyclicals,Sedang
BEKS,Bank Pembangunan Daerah Banten,Financials,Sedang
BELI,Global Digital Niaga Tbk.,Technology,Rendah
BELL,Trisula Textile Industries Tbk,Consumer Cyclicals,Sedang
BESS,Batulicin Nusantara Maritim Tb,Energy,Sedang
BEST,Bekasi Fajar Industrial Estate,Properties and Real Estate,Sedang
BFIN,BFI Finance  Indonesia Tbk.,Financials,Sedang
BGTG,Bank Ganesha Tbk.,Financials,Tinggi
BHAT,Bhakti Multi Artha Tbk.,Financials,Sedang
BHIT,MNC Asia Holding Tbk.,Industrials,Sedang
BIKA,Binakarya Jaya Abadi Tbk.,Properties and Real Estate,Tinggi
BIKE,Sepeda Bersama Indonesia Tbk.,Consumer Cyclicals,Sedang
BIMA,Primarindo Asia Infrastructure,Consumer Cyclicals,Tinggi
BINA,Bank Ina Perdana Tbk.,Financials,Sedang
BINO,Perma Plasindo Tbk.,Industrials,Sedang
BIPI,Astrindo Nusantara Infrastrukt,Energy,Sedang
BIPP,Bhuwanatala Indah Permai Tbk.,Properties and Real Estate,Sedang
BIRD,Blue Bird Tbk.,Transportation and Logistic,Sedang
BISI,BISI International Tbk.,Consumer Non-Cyclicals,Sedang
BJBR,Bank Pembangunan Daerah Jawa B,Financials,Rendah
BJTM,Bank Pembangunan Daerah Jawa T,Financials,Rendah
BKDP,Bukit Darmo Property Tbk,Properties and Real Estate,Sedang
BKSL,Sentul City Tbk.,Properties and Real Estate,Sedang
BKSW,Bank QNB Indonesia Tbk.,Financials,Tinggi
BLES,Superior Prima Sukses Tbk.,Basic Materials,Sedang
BLTA,Berlian Laju Tanker Tbk,Transportation and Logistic,Sedang
BLTZ,Graha Layar Prima Tbk.,Consumer Cyclicals,Sedang
BLUE,Berkah Prima Perkasa Tbk.,Industrials,Sedang
BMAS,Bank Maspion Indonesia Tbk.,Financials,Tinggi
BMBL,Lavender Bina Cendikia Tbk.,Consumer Cyclicals,Tinggi
BMHS,Bundamedik Tbk.,Healthcare,Sedang
BMRI,Bank Mandiri (Persero) Tbk.,Financials,Sedang
BMSR,Bintang Mitra Semestaraya Tbk,Basic Materials,Tinggi
BMTR,Global Mediacom Tbk.,Consumer Cyclicals,Sedang
BNBA,Bank Bumi Arta Tbk.,Financials,Sedang
BNBR,Bakrie & Brothers Tbk,Industrials,Sedang
BNGA,Bank CIMB Niaga Tbk.,Financials,Sedang
BNII,Bank Maybank Indonesia Tbk.,Financials,Sedang
BNLI,Bank Permata Tbk.,Financials,Sedang
BOAT,Newport Marine Services Tbk.,Energy,Tinggi
BOBA,Formosa Ingredient Factory Tbk,Consumer Non-Cyclicals,Sedang
BOGA,Bintang Oto Global Tbk.,Consumer Cyclicals,Rendah
BOLA,Bali Bintang Sejahtera Tbk.,Consumer Cyclicals,Sedang
BOLT,Garuda Metalindo Tbk.,Consumer Cyclicals,Sedang
BOSS,Borneo Olah Sarana Sukses Tbk.,Energy,Tinggi
BPFI,Woori Finance Indonesia Tbk.,Financials,Sedang
BPII,Batavia Prosperindo Internasio,Financials,Rendah
BPTR,Batavia Prosperindo Trans Tbk.,Transportation and Logistic,Tinggi
BRAM,Indo Kordsa Tbk.,Consumer Cyclicals,Tinggi
BREN,Barito Renewables Energy Tbk.,Infrastructures,Tinggi
BRIS,Bank Syariah Indonesia Tbk.,Financials,Sedang
BRMS,Bumi Resources Minerals Tbk.,Basic Materials,Sedang
BRNA,Berlina Tbk.,Basic Materials,Sedang
BRPT,Barito Pacific Tbk.,Basic Materials,Sedang
BRRC,Raja Roti Cemerlang Tbk.,Consumer Non-Cyclicals,Tinggi
BSBK,Wulandari Bangun Laksana Tbk.,Properties and Real Estate,Tinggi
BSDE,Bumi Serpong Damai Tbk.,Properties and Real Estate,Sedang
BSIM,Bank Sinarmas Tbk.,Financials,Sedang
BSML,Bintang Samudera Mandiri Lines,Energy,Tinggi
BSSR,Baramulti Suksessarana Tbk.,Energy,Sedang
BSWD,Bank Of India Indonesia Tbk.,Financials,Rendah
BTEK,Bumi Teknokultura Unggul Tbk,Consumer Non-Cyclicals,Tinggi
BTEL,Bakrie Telecom Tbk.,Infrastructures,Rendah
BTON,Betonjaya Manunggal Tbk.,Basic Materials,Sedang
BTPN,Bank SMBC Indonesia Tbk.,Financials,Rendah
BTPS,Bank BTPN Syariah Tbk.,Financials,Sedang
BUAH,Segar Kumala Indonesia Tbk.,Consumer Non-Cyclicals,Sedang
BUDI,Budi Starch & Sweetener Tbk.,Consumer Non-Cyclicals,Sedang
BUKA,Bukalapak.com Tbk.,Technology,Sedang
BUKK,Bukaka Teknik Utama Tbk.,Infrastructures,Sedang
BULL,Buana Lintas Lautan Tbk.,Energy,Sedang
BUMI,Bumi Resources Tbk.,Energy,Sedang
BUVA,Bukit Uluwatu Villa Tbk.,Consumer Cyclicals,Sedang
BVIC,Bank Victoria International Tb,Financials,Tinggi
BWPT,Eagle High Plantations Tbk.,Consumer Non-Cyclicals,Sedang
BYAN,Bayan Resources Tbk.,Energy,Sedang
CAKK,Cahayaputra Asa Keramik Tbk.,Industrials,Tinggi
CAMP,Campina Ice Cream Industry Tbk,Consumer Non-Cyclicals,Sedang
CANI,Capitol Nusantara Indonesia Tb,Energy,Tinggi
CARE,Metro Healthcare Indonesia Tbk,Healthcare,Sedang
CARS,Industri dan Perdagangan Bintr,Consumer Cyclicals,Sedang
CASA,Capital Financial Indonesia Tb,Financials,Sedang
CASH,Cashlez Worldwide Indonesia Tb,Technology,Sedang
CASS,Cardig Aero Services Tbk.,Infrastructures,Sedang
CBDK,Bangun Kosambi Sukses Tbk.,Properties and Real Estate,Tinggi
CBMF,Cahaya Bintang Medan Tbk.,Consumer Cyclicals,Sedang
CBPE,Citra Buana Prasida Tbk.,Properties and Real Estate,Sedang
CBRE,Cakra Buana Resources Energi T,Energy,Tinggi
CBUT,Citra Borneo Utama Tbk.,Consumer Non-Cyclicals,Tinggi
CCSI,Communication Cable Systems In,Industrials,Sedang
CEKA,Wilmar Cahaya Indonesia Tbk.,Consumer Non-Cyclicals,Sedang
CENT,Centratama Telekomunikasi Indo,Infrastructures,Sedang
CFIN,Clipan Finance Indonesia Tbk.,Financials,Sedang
CGAS,Citra Nusantara Gemilang Tbk.,Energy,Tinggi
CHEM,Chemstar Indonesia Tbk.,Basic Materials,Tinggi
CHIP,Pelita Teknologi Global Tbk.,Technology,Tinggi
CINT,Chitose Internasional Tbk.,Consumer Cyclicals,Sedang
CITA,Cita Mineral Investindo Tbk.,Basic Materials,Sedang
CITY,Natura City Developments Tbk.,Properties and Real Estate,Tinggi
CLAY,Citra Putra Realty Tbk.,Consumer Cyclicals,Tinggi
CLEO,Sariguna Primatirta Tbk.,Consumer Non-Cyclicals,Sedang
CLPI,Colorpak Indonesia Tbk.,Basic Materials,Rendah
CMNP,Citra Marga Nusaphala Persada ,Infrastructures,Sedang
CMNT,Cemindo Gemilang Tbk.,Basic Materials,Sedang
CMPP,AirAsia Indonesia Tbk.,Transportation and Logistic,Sedang
CMRY,Cisarua Mountain Dairy Tbk.,Consumer Non-Cyclicals,Sedang
CNKO,Exploitasi Energi Indonesia Tb,Energy,Sedang
CNMA,Nusantara Sejahtera Raya Tbk.,Consumer Cyclicals,Sedang
CNTX,Century Textile Industry Tbk.,Consumer Cyclicals,Tinggi
COAL,Black Diamond Resources Tbk.,Energy,Tinggi
COCO,Wahana Interfood Nusantara Tbk,Consumer Non-Cyclicals,Sedang
COWL,Cowell Development Tbk.,Properties and Real Estate,Rendah
CPIN,Charoen Pokphand Indonesia Tbk,Consumer Non-Cyclicals,Sedang
CPRI,Capri Nusa Satu Properti Tbk.,Properties and Real Estate,Sedang
CPRO,Central Proteina Prima Tbk.,Consumer Non-Cyclicals,Sedang
CRAB,Toba Surimi Industries Tbk.,Consumer Non-Cyclicals,Sedang
CRSN,Carsurin Tbk.,Industrials,Tinggi
CSAP,Catur Sentosa Adiprana Tbk.,Consumer Cyclicals,Sedang
CSIS,Cahayasakti Investindo Sukses ,Properties and Real Estate,Tinggi
CSMI,Cipta Selera Murni Tbk.,Consumer Cyclicals,Sedang
CSRA,Cisadane Sawit Raya Tbk.,Consumer Non-Cyclicals,Sedang
CTBN,Citra Tubindo Tbk.,Basic Materials,Tinggi
CTRA,Ciputra Development Tbk.,Properties and Real Estate,Sedang
CTTH,Citatah Tbk.,Industrials,Sedang
CUAN,Petrindo Jaya Kreasi Tbk.,Energy,Tinggi
CYBR,ITSEC Asia Tbk.,Technology,Sedang
DAAZ,Daaz Bara Lestari Tbk.,Basic Materials,Tinggi
DADA,Diamond Citra Propertindo Tbk.,Properties and Real Estate,Tinggi
DART,Duta Anggada Realty Tbk.,Properties and Real Estate,Sedang
DATA,Remala Abadi Tbk.,Infrastructures,Tinggi
DAYA,Duta Intidaya Tbk.,Consumer Non-Cyclicals,Tinggi
DCII,DCI Indonesia Tbk.,Technology,Sedang
DEAL,Dewata Freightinternational Tb,Transportation and Logistic,Tinggi
DEFI,Danasupra Erapacific Tbk.,Financials,Sedang
DEPO,Caturkarda Depo Bangunan Tbk.,Consumer Cyclicals,Sedang
DEWA,Darma Henwa Tbk,Energy,Sedang
DEWI,Dewi Shri Farmindo Tbk.,Consumer Non-Cyclicals,Tinggi
DFAM,Dafam Property Indonesia Tbk.,Consumer Cyclicals,Tinggi
DGIK,Nusa Konstruksi Enjiniring Tbk,Infrastructures,Sedang
DGNS,Diagnos Laboratorium Utama Tbk,Healthcare,Tinggi
DGWG,Delta Giri Wacana Tbk.,Basic Materials,Tinggi
DIGI,Arkadia Digital Media Tbk.,Consumer Cyclicals,Sedang
DILD,Intiland Development Tbk.,Properties and Real Estate,Sedang
DIVA,Distribusi Voucher Nusantara T,Technology,Tinggi
DKFT,Central Omega Resources Tbk.,Basic Materials,Sedang
DLTA,Delta Djakarta Tbk.,Consumer Non-Cyclicals,Rendah
DMAS,Puradelta Lestari Tbk.,Properties and Real Estate,Sedang
DMMX,Digital Mediatama Maxima Tbk.,Technology,Tinggi
DMND,Diamond Food Indonesia Tbk.,Consumer Non-Cyclicals,Sedang
DNAR,Bank Oke Indonesia Tbk.,Financials,Tinggi
DNET,Indoritel Makmur Internasional,Financials,Sedang
DOID,Delta Dunia Makmur Tbk.,Energy,Sedang
DOOH,Era Media Sejahtera Tbk.,Consumer Cyclicals,Tinggi
DOSS,Global Sukses Digital Tbk.,Consumer Cyclicals,Tinggi
DPNS,Duta Pertiwi Nusantara Tbk.,Basic Materials,Sedang
DPUM,Dua Putra Utama Makmur Tbk.,Consumer Non-Cyclicals,Sedang
DRMA,Dharma Polimetal Tbk.,Consumer Cyclicals,Sedang
DSFI,Dharma Samudera Fishing Indust,Consumer Non-Cyclicals,Sedang
DSNG,Dharma Satya Nusantara Tbk.,Consumer Non-Cyclicals,Sedang
DSSA,Dian Swastatika Sentosa Tbk,Energy,Sedang
DUCK,Jaya Bersama Indo Tbk.,Consumer Cyclicals,Sedang
DUTI,Duta Pertiwi Tbk,Properties and Real Estate,Sedang
DVLA,Darya-Varia Laboratoria Tbk.,Healthcare,Rendah
DWGL,Dwi Guna Laksana Tbk.,Energy,Tinggi
DYAN,Dyandra Media International Tb,Industrials,Sedang
EAST,Eastparc Hotel Tbk.,Consumer Cyclicals,Sedang
ECII,Electronic City Indonesia Tbk.,Consumer Cyclicals,Sedang
EDGE,Indointernet Tbk.,Technology,Sedang
EKAD,Ekadharma International Tbk.,Basic Materials,Rendah
ELIT,Data Sinergitama Jaya Tbk.,Technology,Tinggi
ELPI,Pelayaran Nasional Ekalya Purn,Transportation and Logistic,Sedang
ELSA,Elnusa Tbk.,Energy,Sedang
ELTY,Bakrieland Development Tbk.,Properties and Real Estate,Sedang
EMDE,Megapolitan Developments Tbk.,Properties and Real Estate,Sedang
EMTK,Elang Mahkota Teknologi Tbk.,Technology,Sedang
ENAK,Champ Resto Indonesia Tbk.,Consumer Cyclicals,Sedang
ENRG,Energi Mega Persada Tbk.,Energy,Sedang
ENVY,Envy Technologies Indonesia Tb,Technology,Sedang
ENZO,Morenzo Abadi Perkasa Tbk.,Consumer Non-Cyclicals,Sedang
EPAC,Megalestari Epack Sentosaraya ,Basic Materials,Tinggi
EPMT,Enseval Putera Megatrading Tbk,Consumer Non-Cyclicals,Sedang
ERAA,Erajaya Swasembada Tbk.,Consumer Cyclicals,Sedang
ERAL,Sinar Eka Selaras Tbk.,Consumer Cyclicals,Sedang
ERTX,Eratex Djaja Tbk.,Consumer Cyclicals,Tinggi
ESIP,Sinergi Inti Plastindo Tbk.,Basic Materials,Tinggi
ESSA,ESSA Industries Indonesia Tbk.,Basic Materials,Sedang
ESTA,Esta Multi Usaha Tbk.,Consumer Cyclicals,Tinggi
ESTI,Ever Shine Tex Tbk.,Consumer Cyclicals,Sedang
ETWA,Eterindo Wahanatama Tbk,Basic Materials,Tinggi
EURO,Estee Gold Feet Tbk.,Consumer Non-Cyclicals,Tinggi
EXCL,XL Axiata Tbk.,Infrastructures,Sedang
FAPA,FAP Agri Tbk.,Consumer Non-Cyclicals,Rendah
FAST,Fast Food Indonesia Tbk.,Consumer Cyclicals,Sedang
FASW,Fajar Surya Wisesa Tbk.,Basic Materials,Sedang
FILM,MD Entertainment Tbk.,Consumer Cyclicals,Tinggi
FIMP,Fimperkasa Utama Tbk.,Infrastructures,Sedang
FIRE,Alfa Energi Investama Tbk.,Energy,Tinggi
FISH,FKS Multi Agro Tbk.,Consumer Non-Cyclicals,Sedang
FITT,Hotel Fitra International Tbk.,Consumer Cyclicals,Tinggi
FLMC,Falmaco Nonwoven Industri Tbk.,Consumer Non-Cyclicals,Tinggi
FMII,Fortune Mate Indonesia Tbk,Properties and Real Estate,Tinggi
FOLK,Multi Garam Utama Tbk.,Industrials,Tinggi
FOOD,Sentra Food Indonesia Tbk.,Consumer Non-Cyclicals,Tinggi
FORU,Fortune Indonesia Tbk,Consumer Cyclicals,Tinggi
FORZ,Forza Land Indonesia Tbk.,Properties and Real Estate,Sedang
FPNI,Lotte Chemical Titan Tbk.,Basic Materials,Tinggi
FREN,Smartfren Telecom Tbk.,Infrastructures,Sedang
FUJI,Fuji Finance Indonesia Tbk.,Financials,Tinggi
FUTR,Lini Imaji Kreasi Ekosistem Tb,Consumer Cyclicals,Tinggi
FWCT,Wijaya Cahaya Timber Tbk.,Basic Materials,Tinggi
GAMA,Aksara Global Development Tbk.,Properties and Real Estate,Sedang
GDST,Gunawan Dianjaya Steel Tbk.,Basic Materials,Tinggi
GDYR,Goodyear Indonesia Tbk.,Consumer Cyclicals,Sedang
GEMA,Gema Grahasarana Tbk.,Consumer Cyclicals,Sedang
GEMS,Golden Energy Mines Tbk.,Energy,Sedang
GGRM,Gudang Garam Tbk.,Consumer Non-Cyclicals,Sedang
GGRP,Gunung Raja Paksi Tbk.,Basic Materials,Tinggi
GHON,Gihon Telekomunikasi Indonesia,Infrastructures,Sedang
GIAA,Garuda Indonesia (Persero) Tbk,Transportation and Logistic,Sedang
GJTL,Gajah Tunggal Tbk.,Consumer Cyclicals,Sedang
GLOB,Globe Kita Terang Tbk.,Consumer Cyclicals,Tinggi
GLVA,Galva Technologies Tbk.,Technology,Sedang
GMFI,Garuda Maintenance Facility Ae,Infrastructures,Sedang
GMTD,Gowa Makassar Tourism Developm,Properties and Real Estate,Sedang
GOLD,Visi Telekomunikasi Infrastruk,Infrastructures,Tinggi
GOLF,Intra Golflink Resorts Tbk.,Consumer Cyclicals,Sedang
GOLL,Golden Plantation Tbk.,Consumer Non-Cyclicals,Rendah
GOOD,Garudafood Putra Putri Jaya Tb,Consumer Non-Cyclicals,Rendah
GOTO,GoTo Gojek Tokopedia Tbk.,Technology,Sedang
GPRA,Perdana Gapuraprima Tbk.,Properties and Real Estate,Sedang
GPSO,Geoprima Solusi Tbk.,Industrials,Tinggi
GRIA,Ingria Pratama Capitalindo Tbk,Properties and Real Estate,Tinggi
GRPH,Griptha Putra Persada Tbk.,Consumer Cyclicals,Tinggi
GRPM,Graha Prima Mentari Tbk.,Consumer Non-Cyclicals,Tinggi
GSMF,Equity Development Investment ,Financials,Tinggi
GTBO,Garda Tujuh Buana Tbk,Energy,Sedang
GTRA,Grahaprima Suksesmandiri Tbk.,Transportation and Logistic,Tinggi
GTSI,GTS Internasional Tbk.,Energy,Sedang
GULA,Aman Agrindo Tbk.,Consumer Non-Cyclicals,Tinggi
GUNA,Gunanusa Eramandiri Tbk.,Consumer Non-Cyclicals,Tinggi
GWSA,Greenwood Sejahtera Tbk.,Consumer Cyclicals,Sedang
GZCO,Gozco Plantations Tbk.,Consumer Non-Cyclicals,Sedang
HADE,Himalaya Energi Perkasa Tbk.,Infrastructures,Tinggi
HAIS,Hasnur Internasional Shipping ,Transportation and Logistic,Sedang
HAJJ,Arsy Buana Travelindo Tbk.,Consumer Cyclicals,Tinggi
HALO,Haloni Jane Tbk.,Healthcare,Tinggi
HATM,Habco Trans Maritima Tbk.,Transportation and Logistic,Sedang
HBAT,Minahasa Membangun Hebat Tbk.,Properties and Real Estate,Tinggi
HDFA,Radana Bhaskara Finance Tbk.,Financials,Tinggi
HDIT,Hensel Davest Indonesia Tbk.,Technology,Tinggi
HDTX,Panasia Indo Resources Tbk.,Consumer Cyclicals,Rendah
HEAL,Medikaloka Hermina Tbk.,Healthcare,Sedang
HELI,Jaya Trishindo Tbk.,Transportation and Logistic,Tinggi
HERO,DFI Retail Nusantara Tbk.,Consumer Non-Cyclicals,Sedang
HEXA,Hexindo Adiperkasa Tbk.,Industrials,Rendah
HGII,Hero Global Investment Tbk.,Infrastructures,Tinggi
HILL,Hillcon Tbk.,Energy,Sedang
HITS,Humpuss Intermoda Transportasi,Energy,Tinggi
HKMU,HK Metals Utama Tbk.,Basic Materials,Sedang
HMSP,H.M. Sampoerna Tbk.,Consumer Non-Cyclicals,Sedang
HOKI,Buyung Poetra Sembada Tbk.,Consumer Non-Cyclicals,Sedang
HOME,Hotel Mandarine Regency Tbk.,Consumer Cyclicals,Sedang
HOMI,Grand House Mulia Tbk.,Properties and Real Estate,Tinggi
HOPE,Harapan Duta Pertiwi Tbk.,Industrials,Tinggi
HOTL,Saraswati Griya Lestari Tbk.,Consumer Cyclicals,Sedang
HRME,Menteng Heritage Realty Tbk.,Consumer Cyclicals,Sedang
HRTA,Hartadinata Abadi Tbk.,Consumer Cyclicals,Sedang
HRUM,Harum Energy Tbk.,Energy,Sedang
HUMI,Humpuss Maritim Internasional ,Energy,Tinggi
HYGN,Ecocare Indo Pasifik Tbk.,Industrials,Sedang
IATA,MNC Energy Investments Tbk.,Energy,Sedang
IBFN,Intan Baru Prana Tbk.,Industrials,Tinggi
IBOS,Indo Boga Sukses Tbk.,Consumer Non-Cyclicals,Tinggi
IBST,Inti Bangun Sejahtera Tbk.,Infrastructures,Sedang
ICBP,Indofood CBP Sukses Makmur Tbk,Consumer Non-Cyclicals,Rendah
ICON,Island Concepts Indonesia Tbk.,Industrials,Tinggi
IDEA,Idea Indonesia Akademi Tbk.,Consumer Cyclicals,Tinggi
IDPR,Indonesia Pondasi Raya Tbk.,Infrastructures,Tinggi
IFII,Indonesia Fibreboard Industry ,Basic Materials,Sedang
IFSH,Ifishdeco Tbk.,Basic Materials,Tinggi
IGAR,Champion Pacific Indonesia Tbk,Basic Materials,Sedang
IIKP,Inti Agri Resources Tbk,Consumer Cyclicals,Rendah
IKAI,Intikeramik Alamasri Industri ,Industrials,Sedang
IKAN,Era Mandiri Cemerlang Tbk.,Consumer Non-Cyclicals,Tinggi
IKBI,Sumi Indo Kabel Tbk.,Industrials,Sedang
IKPM,Ikapharmindo Putramas Tbk.,Healthcare,Sedang
IMAS,Indomobil Sukses Internasional,Consumer Cyclicals,Sedang
IMJS,Indomobil Multi Jasa Tbk.,Transportation and Logistic,Sedang
IMPC,Impack Pratama Industri Tbk.,Industrials,Rendah
INAF,Indofarma Tbk.,Healthcare,Tinggi
INAI,Indal Aluminium Industry Tbk.,Basic Materials,Sedang
INCF,Indo Komoditi Korpora Tbk.,Basic Materials,Tinggi
INCI,Intanwijaya Internasional Tbk,Basic Materials,Sedang
INCO,Vale Indonesia Tbk.,Basic Materials,Sedang
INDF,Indofood Sukses Makmur Tbk.,Consumer Non-Cyclicals,Rendah
INDO,Royalindo Investa Wijaya Tbk.,Properties and Real Estate,Tinggi
INDR,Indo-Rama Synthetics Tbk.,Consumer Cyclicals,Sedang
INDS,Indospring Tbk.,Consumer Cyclicals,Sedang
INDX,Tanah Laut Tbk,Industrials,Tinggi
INDY,Indika Energy Tbk.,Energy,Sedang
INET,Sinergi Inti Andalan Prima Tbk,Infrastructures,Tinggi
INKP,Indah Kiat Pulp & Paper Tbk.,Basic Materials,Sedang
INOV,Inocycle Technology Group Tbk.,Consumer Cyclicals,Sedang
INPC,Bank Artha Graha Internasional,Financials,Sedang
INPP,Indonesian Paradise Property T,Properties and Real Estate,Tinggi
INPS,Indah Prakasa Sentosa Tbk.,Energy,Tinggi
INRU,Toba Pulp Lestari Tbk.,Basic Materials,Sedang
INTA,Intraco Penta Tbk.,Industrials,Sedang
INTD,Inter Delta Tbk,Basic Materials,Tinggi
INTP,Indocement Tunggal Prakarsa Tb,Basic Materials,Sedang
IOTF,Sumber Sinergi Makmur Tbk.,Technology,Tinggi
IPAC,Era Graharealty Tbk.,Properties and Real Estate,Tinggi
IPCC,Indonesia Kendaraan Terminal T,Infrastructures,Sedang
IPCM,Jasa Armada Indonesia Tbk.,Infrastructures,Sedang
IPOL,Indopoly Swakarsa Industry Tbk,Basic Materials,Sedang
IPPE,Indo Pureco Pratama Tbk.,Consumer Non-Cyclicals,Tinggi
IPTV,MNC Vision Networks Tbk.,Consumer Cyclicals,Sedang
IRRA,Itama Ranoraya Tbk.,Healthcare,Sedang
IRSX,Aviana Sinar Abadi Tbk.,Technology,Tinggi
ISAP,Isra Presisi Indonesia Tbk.,Consumer Cyclicals,Tinggi
ISAT,Indosat Tbk.,Infrastructures,Sedang
ISEA,Indo American Seafoods Tbk.,Consumer Non-Cyclicals,Tinggi
ISSP,Steel Pipe Industry of Indones,Basic Materials,Sedang
ITIC,Indonesian Tobacco Tbk.,Consumer Non-Cyclicals,Sedang
ITMA,Sumber Energi Andalan Tbk.,Energy,Sedang
ITMG,Indo Tambangraya Megah Tbk.,Energy,Sedang
JARR,Jhonlin Agro Raya Tbk.,Consumer Non-Cyclicals,Tinggi
JAST,Jasnita Telekomindo Tbk.,Infrastructures,Tinggi
JATI,Informasi Teknologi Indonesia ,Technology,Tinggi
JAWA,Jaya Agra Wattie Tbk.,Consumer Non-Cyclicals,Tinggi
JAYA,Armada Berjaya Trans Tbk.,Transportation and Logistic,Tinggi
JECC,Jembo Cable Company Tbk.,Industrials,Sedang
JGLE,Graha Andrasentra Propertindo ,Consumer Cyclicals,Sedang
JIHD,Jakarta International Hotels &,Consumer Cyclicals,Sedang
JKON,Jaya Konstruksi Manggala Prata,Infrastructures,Sedang
JKSW,Jakarta Kyoei Steel Works Tbk.,Basic Materials,Rendah
JMAS,Asuransi Jiwa Syariah Jasa Mit,Financials,Tinggi
JPFA,Japfa Comfeed Indonesia Tbk.,Consumer Non-Cyclicals,Sedang
JRPT,Jaya Real Property Tbk.,Properties and Real Estate,Rendah
JSKY,Sky Energy Indonesia Tbk.,Energy,Tinggi
JSMR,Jasa Marga (Persero) Tbk.,Infrastructures,Sedang
JSPT,Jakarta Setiabudi Internasiona,Consumer Cyclicals,Sedang
JTPE,Jasuindo Tiga Perkasa Tbk.,Industrials,Sedang
KAEF,Kimia Farma Tbk.,Healthcare,Sedang
KARW,Meratus Jasa Prima Tbk.,Infrastructures,Tinggi
KAYU,Darmi Bersaudara Tbk.,Basic Materials,Tinggi
KBAG,Karya Bersama Anugerah Tbk.,Properties and Real Estate,Sedang
KBLI,KMI Wire & Cable Tbk.,Industrials,Sedang
KBLM,Kabelindo Murni Tbk.,Industrials,Sedang
KBLV,First Media Tbk.,Infrastructures,Tinggi
KBRI,Kertas Basuki Rachmat Indonesi,Basic Materials,Rendah
KDSI,Kedawung Setia Industrial Tbk.,Basic Materials,Sedang
KDTN,Puri Sentul Permai Tbk.,Consumer Cyclicals,Sedang
KEEN,Kencana Energi Lestari Tbk.,Infrastructures,Sedang
KEJU,Mulia Boga Raya Tbk.,Consumer Non-Cyclicals,Sedang
KETR,Ketrosden Triasmitra Tbk.,Infrastructures,Sedang
KIAS,Keramika Indonesia Assosiasi T,Industrials,Sedang
KICI,Kedaung Indah Can Tbk,Consumer Cyclicals,Tinggi
KIJA,Kawasan Industri Jababeka Tbk.,Properties and Real Estate,Sedang
KING,Hoffmen Cleanindo Tbk.,Industrials,Sedang
KINO,Kino Indonesia Tbk.,Consumer Non-Cyclicals,Sedang
KIOS,Kioson Komersial Indonesia Tbk,Technology,Tinggi
KJEN,Krida Jaringan Nusantara Tbk.,Transportation and Logistic,Tinggi
KKES,Kusuma Kemindo Sentosa Tbk.,Basic Materials,Sedang
KKGI,Resource Alam Indonesia Tbk.,Energy,Sedang
KLAS,Pelayaran Kurnia Lautan Semest,Transportation and Logistic,Tinggi
KLBF,Kalbe Farma Tbk.,Healthcare,Sedang
KLIN,Klinko Karya Imaji Tbk.,Consumer Cyclicals,Tinggi
KMDS,Kurniamitra Duta Sentosa Tbk.,Consumer Non-Cyclicals,Sedang
KMTR,Kirana Megatara Tbk.,Basic Materials,Sedang
KOBX,Kobexindo Tractors Tbk.,Industrials,Tinggi
KOCI,Kokoh Exa Nusantara Tbk.,Properties and Real Estate,Tinggi
KOIN,Kokoh Inti Arebama Tbk,Industrials,Tinggi
KOKA,Koka Indonesia Tbk.,Infrastructures,Tinggi
KONI,Perdana Bangun Pusaka Tbk,Industrials,Tinggi
KOPI,Mitra Energi Persada Tbk.,Energy,Sedang
KOTA,DMS Propertindo Tbk.,Consumer Cyclicals,Tinggi
KPAL,Steadfast Marine Tbk.,Industrials,Sedang
KPAS,Cottonindo Ariesta Tbk.,Consumer Non-Cyclicals,Sedang
KPIG,MNC Land Tbk.,Consumer Cyclicals,Sedang
KRAH,Grand Kartech Tbk.,Industrials,Sedang
KRAS,Krakatau Steel (Persero) Tbk.,Basic Materials,Sedang
KREN,Quantum Clovera Investama Tbk.,Technology,Tinggi
KRYA,Bangun Karya Perkasa Jaya Tbk.,Infrastructures,Tinggi
KSIX,Kentanix Supra International T,Properties and Real Estate,Tinggi
KUAS,Ace Oldfields Tbk.,Industrials,Sedang
LABA,Green Power Group Tbk.,Industrials,Tinggi
LABS,UBC Medical Indonesia Tbk.,Healthcare,Tinggi
LAJU,Jasa Berdikari Logistics Tbk.,Transportation and Logistic,Tinggi
LAND,Trimitra Propertindo Tbk.,Properties and Real Estate,Tinggi
LAPD,Leyand International Tbk.,Consumer Non-Cyclicals,Sedang
LCGP,Eureka Prima Jakarta Tbk.,Properties and Real Estate,Rendah
LCKM,LCK Global Kedaton Tbk.,Infrastructures,Sedang
LEAD,Logindo Samudramakmur Tbk.,Energy,Sedang
LFLO,Imago Mulia Persada Tbk.,Consumer Cyclicals,Tinggi
LIFE,MSIG Life Insurance Indonesia ,Financials,Sedang
LINK,Link Net Tbk.,Infrastructures,Sedang
LION,Lion Metal Works Tbk.,Industrials,Tinggi
LIVE,Homeco Victoria Makmur Tbk.,Consumer Cyclicals,Tinggi
LMAS,Limas Indonesia Makmur Tbk,Technology,Tinggi
LMAX,Lupromax Pelumas Indonesia Tbk,Consumer Cyclicals,Tinggi
LMPI,Langgeng Makmur Industri Tbk.,Consumer Cyclicals,Sedang
LMSH,Lionmesh Prima Tbk.,Basic Materials,Tinggi
LOPI,Logisticsplus International Tb,Transportation and Logistic,Tinggi
LPCK,Lippo Cikarang Tbk,Properties and Real Estate,Sedang
LPGI,Lippo General Insurance Tbk.,Financials,Sedang
LPIN,Multi Prima Sejahtera Tbk,Consumer Cyclicals,Tinggi
LPKR,Lippo Karawaci Tbk.,Properties and Real Estate,Sedang
LPLI,Star Pacific Tbk,Properties and Real Estate,Tinggi
LPPF,Matahari Department Store Tbk.,Consumer Cyclicals,Sedang
LPPS,Lenox Pasifik Investama Tbk.,Financials,Sedang
LRNA,Eka Sari Lorena Transport Tbk.,Transportation and Logistic,Tinggi
LSIP,PP London Sumatra Indonesia Tb,Consumer Non-Cyclicals,Sedang
LTLS,Lautan Luas Tbk.,Basic Materials,Sedang
LUCK,Sentral Mitra Informatika Tbk.,Technology,Tinggi
LUCY,Lima Dua Lima Tiga Tbk.,Consumer Cyclicals,Sedang
MABA,Marga Abhinaya Abadi Tbk.,Consumer Cyclicals,Rendah
MAGP,Multi Agro Gemilang Plantation,Consumer Non-Cyclicals,Rendah
MAHA,Mandiri Herindo Adiperkasa Tbk,Energy,Sedang
MAIN,Malindo Feedmill Tbk.,Consumer Non-Cyclicals,Sedang
MAMI,Mas Murni Indonesia Tbk,Consumer Cyclicals,Sedang
MANG,Manggung Polahraya Tbk.,Infrastructures,Tinggi
MAPA,Map Aktif Adiperkasa Tbk.,Consumer Cyclicals,Sedang
MAPB,MAP Boga Adiperkasa Tbk.,Consumer Cyclicals,Sedang
MAPI,Mitra Adiperkasa Tbk.,Consumer Cyclicals,Sedang
MARI,Mahaka Radio Integra Tbk.,Consumer Cyclicals,Sedang
MARK,Mark Dynamics Indonesia Tbk.,Industrials,Sedang
MASA,Multistrada Arah Sarana Tbk.,Consumer Cyclicals,Tinggi
MASB,Bank Multiarta Sentosa Tbk.,Financials,Rendah
MAXI,Maxindo Karya Anugerah Tbk.,Consumer Non-Cyclicals,Sedang
MAYA,Bank Mayapada Internasional Tb,Financials,Sedang
MBAP,Mitrabara Adiperdana Tbk.,Energy,Sedang
MBMA,Merdeka Battery Materials Tbk.,Basic Materials,Sedang
MBSS,Mitrabahtera Segara Sejati Tbk,Energy,Sedang
MBTO,Martina Berto Tbk.,Consumer Non-Cyclicals,Tinggi
MCAS,M Cash Integrasi Tbk.,Technology,Sedang
MCOL,Prima Andalan Mandiri Tbk.,Energy,Sedang
MCOR,Bank China Construction Bank I,Financials,Sedang
MDIA,Intermedia Capital Tbk.,Consumer Cyclicals,Sedang
MDIY,Daya Intiguna Yasa Tbk.,Consumer Cyclicals,Sedang
MDKA,Merdeka Copper Gold Tbk.,Basic Materials,Sedang
MDKI,Emdeki Utama Tbk.,Basic Materials,Sedang
MDLN,Modernland Realty Tbk.,Properties and Real Estate,Sedang
MDRN,Modern Internasional Tbk.,Industrials,Tinggi
MEDC,Medco Energi Internasional Tbk,Energy,Sedang
MEDS,Hetzer Medical Indonesia Tbk.,Healthcare,Tinggi
MEGA,Bank Mega Tbk.,Financials,Sedang
MEJA,Harta Djaya Karya Tbk.,Consumer Cyclicals,Tinggi
MENN,Menn Teknologi Indonesia Tbk.,Technology,Tinggi
MERK,Merck Tbk.,Healthcare,Rendah
META,Nusantara Infrastructure Tbk.,Infrastructures,Sedang
MFIN,Mandala Multifinance Tbk.,Financials,Sedang
MFMI,Multifiling Mitra Indonesia Tb,Industrials,Tinggi
MGLV,Panca Anugrah Wisesa Tbk.,Consumer Cyclicals,Tinggi
MGNA,Magna Investama Mandiri Tbk.,Consumer Cyclicals,Sedang
MGRO,Mahkota Group Tbk.,Consumer Non-Cyclicals,Rendah
MHKI,Multi Hanna Kreasindo Tbk.,Industrials,Tinggi
MICE,Multi Indocitra Tbk.,Consumer Cyclicals,Sedang
MIDI,Midi Utama Indonesia Tbk.,Consumer Non-Cyclicals,Sedang
MIKA,Mitra Keluarga Karyasehat Tbk.,Healthcare,Sedang
MINA,Sanurhasta Mitra Tbk.,Consumer Cyclicals,Tinggi
MIRA,Mitra International Resources ,Transportation and Logistic,Tinggi
MITI,Mitra Investindo Tbk.,Transportation and Logistic,Tinggi
MKAP,Multikarya Asia Pasifik Raya T,Energy,Tinggi
MKNT,Mitra Komunikasi Nusantara Tbk,Consumer Cyclicals,Tinggi
MKPI,Metropolitan Kentjana Tbk.,Properties and Real Estate,Sedang
MKTR,Menthobi Karyatama Raya Tbk.,Consumer Non-Cyclicals,Sedang
MLBI,Multi Bintang Indonesia Tbk.,Consumer Non-Cyclicals,Rendah
MLIA,Mulia Industrindo Tbk,Industrials,Sedang
MLPL,Multipolar Tbk.,Consumer Non-Cyclicals,Tinggi
MLPT,Multipolar Technology Tbk.,Technology,Tinggi
MMIX,Multi Medika Internasional Tbk,Healthcare,Tinggi
MMLP,Mega Manunggal Property Tbk.,Properties and Real Estate,Sedang
MNCN,Media Nusantara Citra Tbk.,Consumer Cyclicals,Sedang
MOLI,Madusari Murni Indah Tbk.,Basic Materials,Sedang
MORA,Mora Telematika Indonesia Tbk.,Infrastructures,Sedang
MPIX,Mitra Pedagang Indonesia Tbk.,Technology,Tinggi
MPMX,Mitra Pinasthika Mustika Tbk.,Consumer Cyclicals,Sedang
MPOW,Megapower Makmur Tbk.,Infrastructures,Tinggi
MPPA,Matahari Putra Prima Tbk.,Consumer Non-Cyclicals,Tinggi
MPRO,Maha Properti Indonesia Tbk.,Properties and Real Estate,Tinggi
MPXL,MPX Logistics International Tb,Transportation and Logistic,Tinggi
MRAT,Mustika Ratu Tbk.,Consumer Non-Cyclicals,Sedang
MREI,Maskapai Reasuransi Indonesia ,Financials,Sedang
MSIE,Multisarana Intan Eduka Tbk.,Properties and Real Estate,Tinggi
MSIN,MNC Digital Entertainment Tbk.,Consumer Cyclicals,Sedang
MSJA,Multi Spunindo Jaya Tbk.,Consumer Non-Cyclicals,Sedang
MSKY,MNC Sky Vision Tbk.,Consumer Cyclicals,Tinggi
MSTI,Mastersystem Infotama Tbk.,Technology,Sedang
MTDL,Metrodata Electronics Tbk.,Technology,Sedang
MTEL,Dayamitra Telekomunikasi Tbk.,Infrastructures,Rendah
MTFN,Capitalinc Investment Tbk.,Energy,Sedang
MTLA,Metropolitan Land Tbk.,Properties and Real Estate,Sedang
MTMH,Murni Sadar Tbk.,Healthcare,Sedang
MTPS,Meta Epsi Tbk.,Infrastructures,Tinggi
MTRA,Mitra Pemuda Tbk.,Infrastructures,Rendah
MTSM,Metro Realty Tbk.,Properties and Real Estate,Tinggi
MTWI,Malacca Trust Wuwungan Insuran,Financials,Tinggi
MUTU,Mutuagung Lestari Tbk.,Industrials,Tinggi
MYOH,Samindo Resources Tbk.,Energy,Sedang
MYOR,Mayora Indah Tbk.,Consumer Non-Cyclicals,Rendah
MYRX,Hanson International Tbk.,Properties and Real Estate,Rendah
MYTX,Asia Pacific Investama Tbk.,Consumer Cyclicals,Tinggi
NAIK,Adiwarna Anugerah Abadi Tbk.,Industrials,Tinggi
NANO,Nanotech Indonesia Global Tbk.,Consumer Non-Cyclicals,Tinggi
NASA,Andalan Perkasa Abadi Tbk.,Properties and Real Estate,Tinggi
NASI,Wahana Inti Makmur Tbk.,Consumer Non-Cyclicals,Tinggi
NATO,Surya Permata Andalan Tbk.,Consumer Cyclicals,Sedang
NAYZ,Hassana Boga Sejahtera Tbk.,Consumer Non-Cyclicals,Tinggi
NCKL,Trimegah Bangun Persada Tbk.,Basic Materials,Sedang
NELY,Pelayaran Nelly Dwi Putri Tbk.,Transportation and Logistic,Sedang
NEST,Esta Indonesia Tbk.,Consumer Non-Cyclicals,Sedang
NETV,MDTV Media Technologies Tbk.,Consumer Cyclicals,Tinggi
NFCX,NFC Indonesia Tbk.,Technology,Sedang
NICE,Adhi Kartiko Pratama Tbk.,Basic Materials,Tinggi
NICK,Charnic Capital Tbk.,Financials,Tinggi
NICL,PAM Mineral Tbk.,Basic Materials,Tinggi
NIKL,Pelat Timah Nusantara Tbk.,Basic Materials,Tinggi
NINE,Techno9 Indonesia Tbk.,Technology,Tinggi
NIPS,Nipress Tbk.,Consumer Cyclicals,Rendah
NIRO,City Retail Developments Tbk.,Properties and Real Estate,Sedang
NISP,Bank OCBC NISP Tbk.,Financials,Rendah
NOBU,Bank Nationalnobu Tbk.,Financials,Sedang
NPGF,Nusa Palapa Gemilang Tbk.,Basic Materials,Tinggi
NRCA,Nusa Raya Cipta Tbk.,Infrastructures,Sedang
NSSS,Nusantara Sawit Sejahtera Tbk.,Consumer Non-Cyclicals,Sedang
NTBK,Nusatama Berkah Tbk.,Industrials,Sedang
NUSA,Sinergi Megah Internusa Tbk.,Consumer Cyclicals,Sedang
NZIA,Nusantara Almazia Tbk.,Properties and Real Estate,Tinggi
OASA,Maharaksa Biru Energi Tbk.,Infrastructures,Tinggi
OBAT,Brigit Biofarmaka Teknologi Tb,Healthcare,Tinggi
OBMD,OBM Drilchem Tbk.,Basic Materials,Sedang
OCAP,Onix Capital Tbk.,Financials,Tinggi
OILS,Indo Oil Perkasa Tbk.,Consumer Non-Cyclicals,Tinggi
OKAS,Ancora Indonesia Resources Tbk,Basic Materials,Tinggi
OLIV,Oscar Mitra Sukses Sejahtera T,Consumer Cyclicals,Tinggi
OMED,Jayamas Medica Industri Tbk.,Healthcare,Sedang
OMRE,Indonesia Prima Property Tbk,Properties and Real Estate,Tinggi
OPMS,Optima Prima Metal Sinergi Tbk,Basic Materials,Tinggi
PACK,Abadi Nusantara Hijau Investam,Basic Materials,Tinggi
PADA,Personel Alih Daya Tbk.,Industrials,Tinggi
PADI,Minna Padi Investama Sekuritas,Financials,Tinggi
PALM,Provident Investasi Bersama Tb,Financials,Sedang
PAMG,Bima Sakti Pertiwi Tbk.,Properties and Real Estate,Tinggi
PANI,Pantai Indah Kapuk Dua Tbk.,Properties and Real Estate,Tinggi
PANR,Panorama Sentrawisata Tbk.,Consumer Cyclicals,Sedang
PANS,Panin Sekuritas Tbk.,Financials,Sedang
PART,Cipta Perdana Lancar Tbk.,Consumer Cyclicals,Tinggi
PBID,Panca Budi Idaman Tbk.,Basic Materials,Sedang
PBRX,Pan Brothers Tbk.,Consumer Cyclicals,Sedang
PBSA,Paramita Bangun Sarana Tbk.,Infrastructures,Sedang
PCAR,Prima Cakrawala Abadi Tbk.,Consumer Non-Cyclicals,Tinggi
PDES,Destinasi Tirta Nusantara Tbk,Consumer Cyclicals,Tinggi
PDPP,Primadaya Plastisindo Tbk.,Basic Materials,Sedang
PEGE,Panca Global Kapital Tbk.,Financials,Tinggi
PEHA,Phapros Tbk.,Healthcare,Sedang
PEVE,Penta Valent Tbk.,Healthcare,Sedang
PGAS,Perusahaan Gas Negara Tbk.,Energy,Sedang
PGEO,Pertamina Geothermal Energy Tb,Infrastructures,Sedang
PGJO,Tourindo Guide Indonesia Tbk.,Technology,Sedang
PGLI,Pembangunan Graha Lestari Inda,Consumer Cyclicals,Tinggi
PGUN,Pradiksi Gunatama Tbk.,Consumer Non-Cyclicals,Tinggi
PICO,Pelangi Indah Canindo Tbk,Basic Materials,Tinggi
PIPA,Multi Makmur Lemindo Tbk.,Industrials,Tinggi
PJAA,Pembangunan Jaya Ancol Tbk.,Consumer Cyclicals,Sedang
PKPK,Perdana Karya Perkasa Tbk,Energy,Tinggi
PLAN,Planet Properindo Jaya Tbk.,Consumer Cyclicals,Tinggi
PLAS,Polaris Investama Tbk,Financials,Rendah
PLIN,Plaza Indonesia Realty Tbk.,Properties and Real Estate,Sedang
PMJS,Putra Mandiri Jembar Tbk.,Consumer Cyclicals,Sedang
PMMP,Panca Mitra Multiperdana Tbk.,Consumer Non-Cyclicals,Sedang
PNBN,Bank Pan Indonesia Tbk,Financials,Sedang
PNBS,Bank Panin Dubai Syariah Tbk.,Financials,Sedang
PNGO,Pinago Utama Tbk.,Consumer Non-Cyclicals,Sedang
PNIN,Paninvest Tbk.,Financials,Sedang
PNLF,Panin Financial Tbk.,Financials,Sedang
PNSE,Pudjiadi & Sons Tbk.,Consumer Cyclicals,Tinggi
POLA,Pool Advista Finance Tbk.,Financials,Tinggi
POLI,Pollux Hotels Group Tbk.,Properties and Real Estate,Tinggi
POLL,Pollux Properties Indonesia Tb,Properties and Real Estate,Tinggi
POLU,Golden Flower Tbk.,Consumer Cyclicals,Tinggi
POLY,Asia Pacific Fibers Tbk,Consumer Cyclicals,Sedang
POOL,Pool Advista Indonesia Tbk.,Financials,Sedang
PORT,Nusantara Pelabuhan Handal Tbk,Infrastructures,Tinggi
POSA,Bliss Properti Indonesia Tbk.,Properties and Real Estate,Sedang
POWR,Cikarang Listrindo Tbk.,Infrastructures,Rendah
PPGL,Prima Globalindo Logistik Tbk.,Transportation and Logistic,Sedang
PPRE,PP Presisi Tbk.,Infrastructures,Sedang
PPRI,Paperocks Indonesia Tbk.,Basic Materials,Tinggi
PPRO,PP Properti Tbk.,Properties and Real Estate,Sedang
PRAS,Prima Alloy Steel Universal Tb,Consumer Cyclicals,Sedang
PRAY,Famon Awal Bros Sedaya Tbk.,Healthcare,Sedang
PRDA,Prodia Widyahusada Tbk.,Healthcare,Sedang
PRIM,Royal Prima Tbk.,Healthcare,Tinggi
PSAB,J Resources Asia Pasifik Tbk.,Basic Materials,Sedang
PSDN,Prasidha Aneka Niaga Tbk,Consumer Non-Cyclicals,Tinggi
PSGO,Palma Serasih Tbk.,Consumer Non-Cyclicals,Sedang
PSKT,Red Planet Indonesia Tbk.,Consumer Cyclicals,Sedang
PSSI,IMC Pelita Logistik Tbk.,Energy,Sedang
PTBA,Bukit Asam Tbk.,Energy,Sedang
PTDU,Djasa Ubersakti Tbk.,Infrastructures,Tinggi
PTIS,Indo Straits Tbk.,Energy,Tinggi
PTMP,Mitra Pack Tbk.,Industrials,Tinggi
PTMR,Master Print Tbk.,Basic Materials,Sedang
PTPP,PP (Persero) Tbk.,Infrastructures,Sedang
PTPS,Pulau Subur Tbk.,Consumer Non-Cyclicals,Tinggi
PTPW,Pratama Widya Tbk.,Infrastructures,Sedang
PTRO,Petrosea Tbk.,Energy,Tinggi
PTSN,Sat Nusapersada Tbk,Technology,Sedang
PTSP,Pioneerindo Gourmet Internatio,Consumer Cyclicals,Tinggi
PUDP,Pudjiadi Prestige Tbk.,Properties and Real Estate,Tinggi
PURA,Putra Rajawali Kencana Tbk.,Transportation and Logistic,Tinggi
PURE,Trinitan Metals and Minerals T,Basic Materials,Tinggi
PURI,Puri Global Sukses Tbk.,Properties and Real Estate,Tinggi
PWON,Pakuwon Jati Tbk.,Properties and Real Estate,Sedang
PYFA,Pyridam Farma Tbk,Healthcare,Tinggi
PZZA,Sarimelati Kencana Tbk.,Consumer Cyclicals,Sedang
RAAM,Tripar Multivision Plus Tbk.,Consumer Cyclicals,Tinggi
RAFI,Sari Kreasi Boga Tbk.,Consumer Cyclicals,Tinggi
RAJA,Rukun Raharja Tbk.,Energy,Sedang
RALS,Ramayana Lestari Sentosa Tbk.,Consumer Cyclicals,Sedang
RANC,Supra Boga Lestari Tbk.,Consumer Non-Cyclicals,Sedang
RATU,Raharja Energi Cepu Tbk.,Energy,Tinggi
RBMS,Ristia Bintang Mahkotasejati T,Properties and Real Estate,Tinggi
RCCC,Utama Radar Cahaya Tbk.,Transportation and Logistic,Tinggi
RDTX,Roda Vivatex Tbk,Properties and Real Estate,Sedang
REAL,Repower Asia Indonesia Tbk.,Properties and Real Estate,Tinggi
RELF,Graha Mitra Asia Tbk.,Properties and Real Estate,Tinggi
RELI,Reliance Sekuritas Indonesia T,Financials,Tinggi
RGAS,Kian Santang Muliatama Tbk.,Energy,Tinggi
RICY,Ricky Putra Globalindo Tbk,Consumer Cyclicals,Tinggi
RIGS,Rig Tenders Indonesia Tbk.,Energy,Sedang
RIMO,Rimo International Lestari Tbk,Properties and Real Estate,Rendah
RISE,Jaya Sukses Makmur Sentosa Tbk,Properties and Real Estate,Rendah
RMKE,RMK Energy Tbk.,Energy,Sedang
RMKO,Royaltama Mulia Kontraktorindo,Energy,Sedang
ROCK,Rockfields Properti Indonesia ,Properties and Real Estate,Tinggi
RODA,Pikko Land Development Tbk.,Properties and Real Estate,Tinggi
RONY,Aesler Grup Internasional Tbk.,Infrastructures,Tinggi
ROTI,Nippon Indosari Corpindo Tbk.,Consumer Non-Cyclicals,Rendah
RSCH,Charlie Hospital Semarang Tbk.,Healthcare,Sedang
RSGK,Kedoya Adyaraya Tbk.,Healthcare,Sedang
RUIS,Radiant Utama Interinsco Tbk.,Energy,Sedang
RUNS,Global Sukses Solusi Tbk.,Technology,Tinggi
SAFE,Steady Safe Tbk,Transportation and Logistic,Tinggi
SAGE,Saptausaha Gemilangindah Tbk.,Properties and Real Estate,Tinggi
SAME,Sarana Meditama Metropolitan T,Healthcare,Sedang
SAMF,Saraswanti Anugerah Makmur Tbk,Basic Materials,Sedang
SAPX,Satria Antaran Prima Tbk.,Transportation and Logistic,Tinggi
SATU,Kota Satu Properti Tbk.,Properties and Real Estate,Sedang
SBAT,Sejahtera Bintang Abadi Textil,Consumer Cyclicals,Tinggi
SBMA,Surya Biru Murni Acetylene Tbk,Basic Materials,Sedang
SCCO,Supreme Cable Manufacturing & ,Industrials,Tinggi
SCMA,Surya Citra Media Tbk.,Consumer Cyclicals,Sedang
SCNP,Selaras Citra Nusantara Perkas,Consumer Cyclicals,Sedang
SCPI,Organon Pharma Indonesia Tbk.,Healthcare,Tinggi
SDMU,Sidomulyo Selaras Tbk.,Transportation and Logistic,Tinggi
SDPC,Millennium Pharmacon Internati,Consumer Non-Cyclicals,Tinggi
SDRA,Bank Woori Saudara Indonesia 1,Financials,Sedang
SEMA,Semacom Integrated Tbk.,Energy,Sedang
SFAN,Surya Fajar Capital Tbk.,Financials,Rendah
SGER,Sumber Global Energy Tbk.,Energy,Tinggi
SGRO,Sampoerna Agro Tbk.,Consumer Non-Cyclicals,Rendah
SHID,Hotel Sahid Jaya International,Consumer Cyclicals,Sedang
SHIP,Sillo Maritime Perdana Tbk.,Energy,Sedang
SICO,Sigma Energy Compressindo Tbk.,Energy,Tinggi
SIDO,Industri Jamu dan Farmasi Sido,Healthcare,Rendah
SILO,Siloam International Hospitals,Healthcare,Sedang
SIMA,Siwani Makmur Tbk,Basic Materials,Sedang
SIMP,Salim Ivomas Pratama Tbk.,Consumer Non-Cyclicals,Sedang
SINI,Singaraja Putra Tbk.,Industrials,Tinggi
SIPD,Sreeya Sewu Indonesia Tbk.,Consumer Non-Cyclicals,Sedang
SKBM,Sekar Bumi Tbk.,Consumer Non-Cyclicals,Tinggi
SKLT,Sekar Laut Tbk.,Consumer Non-Cyclicals,Tinggi
SKRN,Superkrane Mitra Utama Tbk.,Industrials,Sedang
SKYB,Northcliff Citranusa Indonesia,Technology,Tinggi
SLIS,Gaya Abadi Sempurna Tbk.,Consumer Cyclicals,Tinggi
SMAR,Smart Tbk.,Consumer Non-Cyclicals,Sedang
SMBR,Semen Baturaja Tbk.,Basic Materials,Sedang
SMCB,Solusi Bangun Indonesia Tbk.,Basic Materials,Sedang
SMDM,Suryamas Dutamakmur Tbk.,Properties and Real Estate,Tinggi
SMDR,Samudera Indonesia  Tbk.,Transportation and Logistic,Sedang
SMGA,Sumber Mineral Global Abadi Tb,Basic Materials,Tinggi
SMGR,Semen Indonesia (Persero) Tbk.,Basic Materials,Sedang
SMIL,Sarana Mitra Luas Tbk.,Industrials,Tinggi
SMKL,Satyamitra Kemas Lestari Tbk.,Basic Materials,Sedang
SMKM,Sumber Mas Konstruksi Tbk.,Infrastructures,Tinggi
SMLE,Sinergi Multi Lestarindo Tbk.,Basic Materials,Tinggi
SMMA,Sinarmas Multiartha Tbk.,Financials,Sedang
SMMT,Golden Eagle Energy Tbk.,Energy,Tinggi
SMRA,Summarecon Agung Tbk.,Properties and Real Estate,Sedang
SMRU,SMR Utama Tbk.,Energy,Rendah
SMSM,Selamat Sempurna Tbk.,Consumer Cyclicals,Sedang
SNLK,Sunter Lakeside Hotel Tbk.,Consumer Cyclicals,Tinggi
SOCI,Soechi Lines Tbk.,Energy,Sedang
SOFA,Boston Furniture Industries Tb,Consumer Cyclicals,Tinggi
SOHO,Soho Global Health Tbk.,Healthcare,Sedang
SOLA,Xolare RCR Energy Tbk.,Basic Materials,Tinggi
SONA,Sona Topas Tourism Industry Tb,Consumer Cyclicals,Tinggi
SOSS,Shield On Service Tbk.,Industrials,Sedang
SOTS,Satria Mega Kencana Tbk.,Consumer Cyclicals,Tinggi
SOUL,Mitra Tirta Buwana Tbk.,Consumer Non-Cyclicals,Tinggi
SPMA,Suparma Tbk.,Basic Materials,Sedang
SPRE,Soraya Berjaya Indonesia Tbk.,Consumer Cyclicals,Tinggi
SPTO,Surya Pertiwi Tbk.,Industrials,Sedang
SQMI,Wilton Makmur Indonesia Tbk.,Basic Materials,Tinggi
SRAJ,Sejahteraraya Anugrahjaya Tbk.,Healthcare,Tinggi
SRIL,Sri Rejeki Isman Tbk.,Consumer Cyclicals,Rendah
SRSN,Indo Acidatama Tbk,Basic Materials,Sedang
SRTG,Saratoga Investama Sedaya Tbk.,Financials,Sedang
SSIA,Surya Semesta Internusa Tbk.,Infrastructures,Sedang
SSMS,Sawit Sumbermas Sarana Tbk.,Consumer Non-Cyclicals,Sedang
SSTM,Sunson Textile Manufacture Tbk,Consumer Cyclicals,Tinggi
STAA,Sumber Tani Agung Resources Tb,Consumer Non-Cyclicals,Sedang
STAR,Buana Artha Anugerah Tbk.,Financials,Sedang
STRK,Lovina Beach Brewery Tbk.,Consumer Non-Cyclicals,Tinggi
STTP,Siantar Top Tbk.,Consumer Non-Cyclicals,Sedang
SUGI,Sugih Energy Tbk.,Energy,Rendah
SULI,SLJ Global Tbk.,Basic Materials,Sedang
SUNI,Sunindo Pratama Tbk.,Energy,Sedang
SUPR,Solusi Tunas Pratama Tbk.,Infrastructures,Sedang
SURE,Super Energy Tbk.,Energy,Sedang
SURI,Maja Agung Latexindo Tbk.,Healthcare,Tinggi
SWAT,Sriwahana Adityakarta Tbk.,Basic Materials,Tinggi
SWID,Saraswanti Indoland Developmen,Consumer Cyclicals,Sedang
TALF,Tunas Alfin Tbk.,Basic Materials,Tinggi
TAMA,Lancartama Sejati Tbk.,Infrastructures,Tinggi
TAMU,Pelayaran Tamarin Samudra Tbk.,Energy,Sedang
TAPG,Triputra Agro Persada Tbk.,Consumer Non-Cyclicals,Sedang
TARA,Agung Semesta Sejahtera Tbk.,Properties and Real Estate,Sedang
TAXI,Express Transindo Utama Tbk.,Transportation and Logistic,Tinggi
TAYS,Jaya Swarasa Agung Tbk.,Consumer Non-Cyclicals,Tinggi
TBIG,Tower Bersama Infrastructure T,Infrastructures,Sedang
TBLA,Tunas Baru Lampung Tbk.,Consumer Non-Cyclicals,Sedang
TBMS,Tembaga Mulia Semanan Tbk.,Basic Materials,Sedang
TCID,Mandom Indonesia Tbk.,Consumer Non-Cyclicals,Rendah
TCPI,Transcoal Pacific Tbk.,Energy,Sedang
TDPM,Tianrong Chemicals Industry Tb,Basic Materials,Sedang
TEBE,Dana Brata Luhur Tbk.,Energy,Sedang
TECH,Indosterling Technomedia Tbk.,Technology,Tinggi
TELE,Omni Inovasi Indonesia Tbk.,Consumer Cyclicals,Tinggi
TFAS,Telefast Indonesia Tbk.,Technology,Tinggi
TFCO,Tifico Fiber Indonesia Tbk.,Consumer Cyclicals,Tinggi
TGKA,Tigaraksa Satria Tbk.,Consumer Non-Cyclicals,Sedang
TGRA,Terregra Asia Energy Tbk.,Infrastructures,Tinggi
TGUK,Platinum Wahab Nusantara Tbk.,Consumer Non-Cyclicals,Tinggi
TIFA,KDB Tifa Finance Tbk.,Financials,Sedang
TINS,Timah Tbk.,Basic Materials,Sedang
TIRA,Tira Austenite Tbk,Industrials,Sedang
TIRT,Tirta Mahakam Resources Tbk,Basic Materials,Tinggi
TKIM,Pabrik Kertas Tjiwi Kimia Tbk.,Basic Materials,Sedang
TLDN,Teladan Prima Agro Tbk.,Consumer Non-Cyclicals,Rendah
TLKM,Telkom Indonesia (Persero) Tbk,Infrastructures,Rendah
TMAS,Temas Tbk.,Transportation and Logistic,Tinggi
TMPO,Tempo Intimedia Tbk.,Consumer Cyclicals,Tinggi
TNCA,Trimuda Nuansa Citra Tbk.,Transportation and Logistic,Tinggi
TOBA,TBS Energi Utama Tbk.,Energy,Sedang
TOOL,Rohartindo Nusantara Luas Tbk.,Consumer Cyclicals,Sedang
TOPS,Totalindo Eka Persada Tbk.,Infrastructures,Tinggi
TOSK,Topindo Solusi Komunika Tbk.,Technology,Tinggi
TOTL,Total Bangun Persada Tbk.,Infrastructures,Sedang
TOTO,Surya Toto Indonesia Tbk.,Industrials,Sedang
TOWR,Sarana Menara Nusantara Tbk.,Infrastructures,Sedang
TOYS,Sunindo Adipersada Tbk.,Consumer Cyclicals,Tinggi
TPIA,Chandra Asri Pacific Tbk.,Basic Materials,Sedang
TPMA,Trans Power Marine Tbk.,Energy,Sedang
TRAM,Trada Alam Minera Tbk.,Energy,Sedang
TRGU,Cerestar Indonesia Tbk.,Consumer Non-Cyclicals,Sedang
TRIL,Triwira Insanlestari Tbk.,Industrials,Rendah
TRIM,Trimegah Sekuritas Indonesia T,Financials,Sedang
TRIN,Perintis Triniti Properti Tbk.,Properties and Real Estate,Tinggi
TRIO,Trikomsel Oke Tbk.,Consumer Cyclicals,Sedang
TRIS,Trisula International Tbk.,Consumer Cyclicals,Tinggi
TRJA,Transkon Jaya Tbk.,Transportation and Logistic,Sedang
TRON,Teknologi Karya Digital Nusa T,Technology,Tinggi
TRST,Trias Sentosa Tbk.,Basic Materials,Sedang
TRUE,Triniti Dinamik Tbk.,Properties and Real Estate,Tinggi
TRUK,Guna Timur Raya Tbk.,Transportation and Logistic,Sedang
TRUS,Trust Finance Indonesia Tbk,Financials,Tinggi
TSPC,Tempo Scan Pacific Tbk.,Healthcare,Sedang
TUGU,Asuransi Tugu Pratama Indonesi,Financials,Sedang
TYRE,King Tire Indonesia Tbk.,Consumer Cyclicals,Sedang
UANG,Pakuan Tbk.,Properties and Real Estate,Tinggi
UCID,Uni-Charm Indonesia Tbk.,Consumer Non-Cyclicals,Rendah
UDNG,Agro Bahari Nusantara Tbk.,Consumer Non-Cyclicals,Tinggi
UFOE,Damai Sejahtera Abadi Tbk.,Consumer Cyclicals,Tinggi
ULTJ,Ultrajaya Milk Industry & Trad,Consumer Non-Cyclicals,Rendah
UNIC,Unggul Indah Cahaya Tbk.,Basic Materials,Sedang
UNIQ,Ulima Nitra Tbk.,Energy,Tinggi
UNIT,Nusantara Inti Corpora Tbk,Consumer Cyclicals,Sedang
UNSP,Bakrie Sumatera Plantations Tb,Consumer Non-Cyclicals,Sedang
UNTD,Terang Dunia Internusa Tbk.,Consumer Cyclicals,Sedang
UNTR,United Tractors Tbk.,Industrials,Sedang
UNVR,Unilever Indonesia Tbk.,Consumer Non-Cyclicals,Sedang
URBN,Urban Jakarta Propertindo Tbk.,Properties and Real Estate,Sedang
UVCR,Trimegah Karya Pratama Tbk.,Technology,Tinggi
VAST,Vastland Indonesia Tbk.,Properties and Real Estate,Sedang
VERN,Verona Indah Pictures Tbk.,Consumer Cyclicals,Tinggi
VICI,Victoria Care Indonesia Tbk.,Consumer Non-Cyclicals,Sedang
VICO,Victoria Investama Tbk.,Financials,Tinggi
VINS,Victoria Insurance Tbk.,Financials,Tinggi
VISI,Satu Visi Putra Tbk.,Industrials,Tinggi
VIVA,Visi Media Asia Tbk.,Consumer Cyclicals,Sedang
VKTR,VKTR Teknologi Mobilitas Tbk.,Consumer Cyclicals,Tinggi
VOKS,Voksel Electric Tbk.,Industrials,Sedang
VRNA,Mizuho Leasing Indonesia Tbk.,Financials,Tinggi
VTNY,Venteny Fortuna International ,Financials,Tinggi
WAPO,Wahana Pronatural Tbk.,Consumer Non-Cyclicals,Tinggi
WEGE,Wijaya Karya Bangunan Gedung T,Infrastructures,Sedang
WEHA,WEHA Transportasi Indonesia Tb,Transportation and Logistic,Sedang
WGSH,Wira Global Solusi Tbk.,Technology,Sedang
WICO,Wicaksana Overseas Internation,Consumer Non-Cyclicals,Sedang
WIDI,Widiant Jaya Krenindo Tbk.,Industrials,Tinggi
WIFI,Solusi Sinergi Digital Tbk.,Technology,Sedang
WIIM,Wismilak Inti Makmur Tbk.,Consumer Non-Cyclicals,Sedang
WIKA,Wijaya Karya (Persero) Tbk.,Infrastructures,Sedang
WINE,Hatten Bali Tbk.,Consumer Non-Cyclicals,Tinggi
WINR,Winner Nusantara Jaya Tbk.,Properties and Real Estate,Tinggi
WINS,Wintermar Offshore Marine Tbk.,Energy,Sedang
WIRG,WIR ASIA Tbk.,Technology,Tinggi
WMPP,Widodo Makmur Perkasa Tbk.,Consumer Non-Cyclicals,Sedang
WMUU,Widodo Makmur Unggas Tbk.,Consumer Non-Cyclicals,Sedang
WOMF,Wahana Ottomitra Multiartha Tb,Financials,Sedang
WOOD,Integra Indocabinet Tbk.,Consumer Cyclicals,Sedang
WOWS,Ginting Jaya Energi Tbk.,Energy,Tinggi
WSBP,Waskita Beton Precast Tbk.,Basic Materials,Sedang
WSKT,Waskita Karya (Persero) Tbk.,Infrastructures,Sedang
WTON,Wijaya Karya Beton Tbk.,Basic Materials,Sedang
YELO,Yelooo Integra Datanet Tbk.,Consumer Cyclicals,Tinggi
YOII,Asuransi Digital Bersama Tbk.,Financials,Tinggi
YPAS,Yanaprima Hastapersada Tbk,Basic Materials,Tinggi
YULE,Yulie Sekuritas Indonesia Tbk.,Financials,Tinggi
ZATA,Bersama Zatta Jaya Tbk.,Consumer Cyclicals,Tinggi
ZBRA,Dosni Roha Indonesia Tbk.,Industrials,Tinggi
ZINC,Kapuas Prima Coal Tbk.,Basic Materials,Sedang
ZONE,Mega Perintis Tbk.,Consumer Cyclicals,Rendah
ZYRX,Zyrexindo Mandiri Buana Tbk.,Technology,Sedang
